id,title,status,user_score,watchd_ep,total_ep,airing_status,media_type,mpaa_rating,start_date,end_date
37982,Domestic na Kanojo,Watching,<undefined>,4,12,Finished Airing,TV,R+,12-Jan-2019,30-Mar-2019
41491,Nanatsu no Taizai: Fundo no Shinpan,Watching,<undefined>,21,24,Currently Airing,TV,PG-13,13-Jan-2021,23-Jun-2021
38101,5-toubun no Hanayome,Completed,7,12,12,Finished Airing,TV,PG-13,11-Jan-2019,29-Mar-2019
39783,5-toubun no Hanayome ∬,Completed,7,12,12,Finished Airing,TV,PG-13,08-Jan-2021,26-Mar-2021
32998,91 Days,Completed,10,12,12,Finished Airing,TV,R,09-Jul-2016,01-Oct-2016
34777,"91 Days: Toki no Asase/Subete no Kinou/Ashita, Mata Ashita",Completed,5,1,1,Finished Airing,Special,R,05-Jul-2017,05-Jul-2017
39790,Adachi to Shimamura,Completed,7,12,12,Finished Airing,TV,PG-13,09-Oct-2020,25-Dec-2020
22199,Akame ga Kill!,Completed,6,24,24,Finished Airing,TV,R,07-Jul-2014,15-Dec-2014
47,Akira,Completed,3,1,1,Finished Airing,Movie,R+,16-Jul-1988,16-Jul-1988
41433,Akudama Drive,Completed,7,12,12,Finished Airing,TV,R,08-Oct-2020,24-Dec-2020
2832,Ani*Kuri15,Completed,4,15,15,Finished Airing,Special,PG-13,07-Jun-2007,27-Jun-2007
9989,Ano Hi Mita Hana no Namae wo Bokutachi wa Mada Shiranai.,Completed,6,11,11,Finished Airing,TV,PG-13,15-Apr-2011,24-Jun-2011
11111,Another,Completed,8,12,12,Finished Airing,TV,R,10-Jan-2012,27-Mar-2012
20365,Another: Misaki Mei - Shizukani,Completed,2,1,1,Finished Airing,Music,G,29-Mar-2013,29-Mar-2013
11701,Another: The Other - Inga,Completed,5,1,1,Finished Airing,OVA,R,26-May-2012,26-May-2012
40128,Arte,Completed,7,12,12,Finished Airing,TV,PG-13,04-Apr-2020,20-Jun-2020
43745,Attack Zero x Evangelion,Completed,2,1,1,Finished Airing,ONA,G,02-Nov-2020,02-Nov-2020
43751,"Ayanami Rei, Hajimete no Kuchibeni",Completed,2,1,1,Finished Airing,ONA,G,03-Nov-2020,03-Nov-2020
37525,Babylon,Completed,8,12,12,Finished Airing,TV,R,07-Oct-2019,28-Jan-2020
28805,Bakemono no Ko,Completed,7,1,1,Finished Airing,Movie,PG-13,11-Jul-2015,11-Jul-2015
5081,Bakemonogatari,Completed,5,15,15,Finished Airing,TV,R,03-Jul-2009,25-Jun-2010
2156,Bakugan Battle Brawlers,Completed,2,52,52,Finished Airing,TV,PG,05-Apr-2007,27-Mar-2008
1669,Bakuten Shoot Beyblade 2002,Completed,3,51,51,Finished Airing,TV,PG,07-Jan-2002,30-Dec-2002
39195,Beastars,Completed,8,12,12,Finished Airing,TV,R,10-Oct-2019,26-Dec-2019
40935,Beastars 2nd Season,Completed,8,12,12,Finished Airing,TV,R,07-Jan-2021,25-Mar-2021
889,Black Lagoon,Completed,6,12,12,Finished Airing,TV,R,09-Apr-2006,25-Jun-2006
8440,Black Lagoon Omake,Completed,2,7,7,Finished Airing,Special,PG-13,23-Dec-2009,25-Mar-2010
4901,Black Lagoon: Roberta's Blood Trail,Completed,6,5,5,Finished Airing,OVA,R+,27-Jun-2010,22-Jun-2011
1519,Black Lagoon: The Second Barrage,Completed,7,12,12,Finished Airing,TV,R,03-Oct-2006,19-Dec-2006
269,Bleach,Completed,5,366,366,Finished Airing,TV,PG-13,05-Oct-2004,27-Mar-2012
31043,Boku dake ga Inai Machi,Completed,8,12,12,Finished Airing,TV,R,08-Jan-2016,25-Mar-2016
31964,Boku no Hero Academia,Completed,6,13,13,Finished Airing,TV,PG-13,03-Apr-2016,26-Jun-2016
33486,Boku no Hero Academia 2nd Season,Completed,7,25,25,Finished Airing,TV,PG-13,01-Apr-2017,30-Sep-2017
36456,Boku no Hero Academia 3rd Season,Completed,7,25,25,Finished Airing,TV,PG-13,07-Apr-2018,29-Sep-2018
38408,Boku no Hero Academia 4th Season,Completed,6,25,25,Finished Airing,TV,PG-13,12-Oct-2019,04-Apr-2020
42603,Boku no Hero Academia: Ikinokore! Kesshi no Survival Kunren,Completed,5,2,2,Finished Airing,ONA,PG-13,16-Aug-2020,16-Aug-2020
1639,Boku no Pico,Completed,1,1,1,Finished Airing,OVA,Rx,07-Sep-2006,07-Sep-2006
28755,Boruto: Naruto the Movie,Completed,6,1,1,Finished Airing,Movie,PG-13,07-Aug-2015,07-Aug-2015
32365,Boruto: Naruto the Movie - Naruto ga Hokage ni Natta Hi,Completed,5,1,1,Finished Airing,Special,PG-13,06-Jul-2016,06-Jul-2016
31478,Bungou Stray Dogs,Completed,6,12,12,Finished Airing,TV,R,07-Apr-2016,23-Jun-2016
32867,Bungou Stray Dogs 2nd Season,Completed,6,12,12,Finished Airing,TV,R,06-Oct-2016,16-Dec-2016
38003,Bungou Stray Dogs 3rd Season,Completed,6,12,12,Finished Airing,TV,R,12-Apr-2019,28-Jun-2019
34944,Bungou Stray Dogs: Dead Apple,Completed,4,1,1,Finished Airing,Movie,R,03-Mar-2018,03-Mar-2018
33071,Bungou Stray Dogs: Hitori Ayumu,Completed,5,1,1,Finished Airing,OVA,PG-13,04-Aug-2017,04-Aug-2017
1689,Byousoku 5 Centimeter,Completed,8,3,3,Finished Airing,Movie,PG-13,03-Mar-2007,03-Mar-2007
10012,Carnival Phantasm,Completed,2,12,12,Finished Airing,OVA,PG-13,14-Aug-2011,31-Dec-2011
12187,Carnival Phantasm EX Season,Completed,2,1,1,Finished Airing,OVA,PG-13,26-Nov-2011,26-Nov-2011
15927,Carnival Phantasm: HibiChika Special,Completed,2,1,1,Finished Airing,Special,PG-13,07-Jul-2012,07-Jul-2012
12255,Carnival Phantasm: Illya-jou,Completed,1,1,1,Finished Airing,Special,PG,28-Oct-2011,28-Oct-2011
10800,Chihayafuru,Completed,7,25,25,Finished Airing,TV,PG-13,05-Oct-2011,28-Mar-2012
14397,Chihayafuru 2,Completed,6,25,25,Finished Airing,TV,PG-13,12-Jan-2013,29-Jun-2013
18745,Chihayafuru 2: Waga Miyo ni Furu Nagame Shima ni,Completed,3,1,1,Finished Airing,OVA,PG-13,13-Sep-2013,13-Sep-2013
37379,Chihayafuru 3,Completed,7,24,24,Finished Airing,TV,PG-13,23-Oct-2019,25-Mar-2020
15687,Chuunibyou demo Koi ga Shitai! Lite,Completed,4,6,6,Finished Airing,ONA,PG-13,27-Sep-2012,31-Oct-2012
2167,Clannad,Completed,5,23,23,Finished Airing,TV,PG-13,05-Oct-2007,28-Mar-2008
1723,Clannad Movie,Completed,4,1,1,Finished Airing,Movie,PG-13,15-Sep-2007,15-Sep-2007
4181,Clannad: After Story,Completed,5,24,24,Finished Airing,TV,PG-13,03-Oct-2008,27-Mar-2009
6351,"Clannad: After Story - Mou Hitotsu no Sekai, Kyou-hen",Completed,4,1,1,Finished Airing,Special,PG-13,01-Jul-2009,01-Jul-2009
4059,"Clannad: Mou Hitotsu no Sekai, Tomoyo-hen",Completed,6,1,1,Finished Airing,Special,PG-13,16-Jul-2008,16-Jul-2008
34437,Code Geass: Fukkatsu no Lelouch,Completed,4,1,1,Finished Airing,Movie,R,09-Feb-2019,09-Feb-2019
1575,Code Geass: Hangyaku no Lelouch,Completed,9,25,25,Finished Airing,TV,R,06-Oct-2006,29-Jul-2007
2904,Code Geass: Hangyaku no Lelouch R2,Completed,10,25,25,Finished Airing,TV,R,06-Apr-2008,28-Sep-2008
10029,Coquelicot-zaka kara,Completed,7,1,1,Finished Airing,Movie,G,16-Jul-2011,16-Jul-2011
1,Cowboy Bebop,Completed,5,26,26,Finished Airing,TV,R,03-Apr-1998,24-Apr-1999
35849,Darling in the FranXX,Completed,7,24,24,Finished Airing,TV,PG-13,13-Jan-2018,07-Jul-2018
1535,Death Note,Completed,9,37,37,Finished Airing,TV,R,04-Oct-2006,27-Jun-2007
28223,Death Parade,Completed,7,12,12,Finished Airing,TV,R,10-Jan-2015,28-Mar-2015
40056,Deca-Dence,Completed,7,12,12,Finished Airing,TV,PG-13,08-Jul-2020,23-Sep-2020
552,Digimon Adventure,Completed,6,54,54,Finished Airing,TV,PG,07-Mar-1999,26-Mar-2000
1313,Digimon Adventure 02,Completed,5,50,50,Finished Airing,TV,PG,02-Apr-2000,25-Mar-2001
2962,Digimon Adventure 02 Movies,Completed,2,2,2,Finished Airing,Movie,PG,08-Jul-2000,08-Jul-2000
2398,Digimon Adventure 02: Diablomon no Gyakushuu,Completed,2,1,1,Finished Airing,Movie,PG,03-Mar-2001,03-Mar-2001
2961,Digimon Adventure Movie,Completed,2,1,1,Finished Airing,Movie,PG,06-Mar-1999,06-Mar-1999
25687,Digimon Adventure tri. 1: Saikai,Completed,5,1,1,Finished Airing,Movie,PG-13,21-Nov-2015,21-Nov-2015
32108,Digimon Adventure tri. 2: Ketsui,Completed,4,1,1,Finished Airing,Movie,PG-13,12-Mar-2016,12-Mar-2016
32551,Digimon Adventure tri. 3: Kokuhaku,Completed,4,1,1,Finished Airing,Movie,PG-13,24-Sep-2016,24-Sep-2016
34299,Digimon Adventure tri. 4: Soushitsu,Completed,4,1,1,Finished Airing,Movie,PG-13,25-Feb-2017,25-Feb-2017
34962,Digimon Adventure tri. 5: Kyousei,Completed,3,1,1,Finished Airing,Movie,PG-13,30-Sep-2017,30-Sep-2017
36466,Digimon Adventure tri. 6: Bokura no Mirai,Completed,3,1,1,Finished Airing,Movie,PG-13,05-May-2018,05-May-2018
2397,Digimon Adventure: Bokura no War Game!,Completed,2,1,1,Finished Airing,Movie,PG,04-Mar-2000,04-Mar-2000
1132,Digimon Frontier,Completed,6,50,50,Finished Airing,TV,PG,07-Apr-2002,30-Mar-2003
859,Digimon Savers,Completed,6,48,48,Finished Airing,TV,PG,02-Apr-2006,25-Mar-2007
874,Digimon Tamers,Completed,6,51,51,Finished Airing,TV,PG,01-Apr-2001,31-Mar-2002
37520,Dororo,Completed,8,24,24,Finished Airing,TV,R,07-Jan-2019,24-Jun-2019
38691,Dr. Stone,Completed,8,24,24,Finished Airing,TV,PG-13,05-Jul-2019,13-Dec-2019
40852,Dr. Stone: Stone Wars,Completed,7,11,11,Finished Airing,TV,PG-13,14-Jan-2021,25-Mar-2021
813,Dragon Ball Z,Completed,3,291,291,Finished Airing,TV,PG-13,26-Apr-1989,31-Jan-1996
39792,Eizouken ni wa Te wo Dasu na!,Completed,6,12,12,Finished Airing,TV,PG-13,06-Jan-2020,23-Mar-2020
226,Elfen Lied,Completed,9,13,13,Finished Airing,TV,R+,25-Jul-2004,17-Oct-2004
376,"Elfen Lied: Tooriame nite Arui wa, Shoujo wa Ikani Shite Sono Shinjou ni Itatta ka? - Regenschauer",Completed,5,1,1,Finished Airing,Special,R+,21-Apr-2005,21-Apr-2005
37033,Emiya-san Chi no Kyou no Gohan,Completed,4,13,13,Finished Airing,ONA,PG-13,25-Jan-2018,01-Jan-2019
38671,Enen no Shouboutai,Completed,5,24,24,Finished Airing,TV,PG-13,06-Jul-2019,28-Dec-2019
40956,Enen no Shouboutai: Ni no Shou,Completed,5,24,24,Finished Airing,TV,PG-13,04-Jul-2020,12-Dec-2020
6702,Fairy Tail,Completed,5,175,175,Finished Airing,TV,PG-13,12-Oct-2009,30-Mar-2013
22043,Fairy Tail (2014),Completed,5,102,102,Finished Airing,TV,PG-13,05-Apr-2014,26-Mar-2016
35972,Fairy Tail: Final Series,Completed,5,51,51,Finished Airing,TV,PG-13,07-Oct-2018,29-Sep-2019
34662,Fate/Apocrypha,Completed,7,25,25,Finished Airing,TV,R,02-Jul-2017,31-Dec-2017
33047,Fate/Extra: Last Encore,Completed,4,10,10,Finished Airing,TV,R,28-Jan-2018,01-Apr-2018
37651,Fate/Extra: Last Encore - Illustrias Tendousetsu,Completed,3,3,3,Finished Airing,TV,R,29-Jul-2018,29-Jul-2018
34321,Fate/Grand Order: First Order,Completed,6,1,1,Finished Airing,Special,PG-13,31-Dec-2016,31-Dec-2016
36914,Fate/Grand Order: Himuro no Tenchi - 7-nin no Saikyou Ijin-hen,Completed,1,1,1,Finished Airing,Special,PG-13,31-Dec-2017,31-Dec-2017
36915,Fate/Grand Order: Moonlight/Lostroom,Completed,3,1,1,Finished Airing,Special,PG-13,31-Dec-2017,31-Dec-2017
38084,Fate/Grand Order: Zettai Majuu Sensen Babylonia,Completed,6,21,21,Finished Airing,TV,PG-13,05-Oct-2019,21-Mar-2020
40206,Fate/Grand Order: Zettai Majuu Sensen Babylonia - Initium Iter,Completed,6,1,1,Finished Airing,Special,PG-13,04-Aug-2019,04-Aug-2019
14829,Fate/kaleid liner Prisma☆Illya,Completed,2,10,10,Finished Airing,TV,PG-13,13-Jul-2013,14-Sep-2013
27525,Fate/kaleid liner Prisma☆Illya 2wei Herz!,Completed,3,10,10,Finished Airing,TV,PG-13,25-Jul-2015,26-Sep-2015
31056,Fate/kaleid liner Prisma☆Illya 2wei Herz! Specials,Completed,2,5,5,Finished Airing,Special,PG-13,25-Sep-2015,29-Jan-2016
20509,Fate/kaleid liner Prisma☆Illya 2wei!,Completed,2,10,10,Finished Airing,TV,PG-13,10-Jul-2014,11-Sep-2014
25011,Fate/kaleid liner Prisma☆Illya 2wei! Specials,Completed,3,5,5,Finished Airing,Special,PG-13,26-Sep-2014,30-Jan-2015
26057,Fate/kaleid liner Prisma☆Illya 2wei!: Mahou Shoujo in Onsen Ryokou,Completed,2,1,1,Finished Airing,OVA,PG-13,25-Jul-2015,25-Jul-2015
31706,Fate/kaleid liner Prisma☆Illya 3rei!!,Completed,3,12,12,Finished Airing,TV,PG-13,06-Jul-2016,21-Sep-2016
33456,Fate/kaleid liner Prisma☆Illya 3rei!! Specials,Completed,2,6,6,Finished Airing,Special,PG-13,30-Sep-2016,24-Feb-2017
34100,Fate/kaleid liner Prisma☆Illya Movie: Sekka no Chikai,Completed,6,1,1,Finished Airing,Movie,PG-13,26-Aug-2017,26-Aug-2017
36833,Fate/kaleid liner Prisma☆Illya Movie: Sekka no Chikai - Kuro Sakura no Heya,Completed,2,1,1,Finished Airing,Special,PG-13,31-Jan-2018,31-Jan-2018
19109,Fate/kaleid liner Prisma☆Illya Specials,Completed,2,5,5,Finished Airing,Special,PG-13,27-Sep-2013,31-Jan-2014
38897,Fate/kaleid liner Prisma☆Illya: Prisma☆Phantasm,Completed,2,1,1,Finished Airing,Movie,PG-13,14-Jun-2019,14-Jun-2019
18851,Fate/kaleid liner Prisma☆Illya: Undoukai de Dance!,Completed,2,1,1,Finished Airing,OVA,PG-13,10-Mar-2014,10-Mar-2014
12565,Fate/Prototype,Completed,4,1,1,Finished Airing,OVA,PG-13,31-Dec-2011,31-Dec-2011
356,Fate/stay night,Completed,6,24,24,Finished Airing,TV,R,07-Jan-2006,17-Jun-2006
25537,Fate/stay night Movie: Heaven's Feel - I. Presage Flower,Completed,6,1,1,Finished Airing,Movie,R,14-Oct-2017,14-Oct-2017
33049,Fate/stay night Movie: Heaven's Feel - II. Lost Butterfly,Completed,8,1,1,Finished Airing,Movie,R,12-Jan-2019,12-Jan-2019
33050,Fate/stay night Movie: Heaven's Feel - III. Spring Song,Completed,8,1,1,Finished Airing,Movie,R,15-Aug-2020,15-Aug-2020
6922,Fate/stay night Movie: Unlimited Blade Works,Completed,5,1,1,Finished Airing,Movie,PG-13,23-Jan-2010,23-Jan-2010
22297,Fate/stay night: Unlimited Blade Works,Completed,7,12,12,Finished Airing,TV,R,12-Oct-2014,28-Dec-2014
28701,Fate/stay night: Unlimited Blade Works 2nd Season,Completed,7,13,13,Finished Airing,TV,R,05-Apr-2015,28-Jun-2015
31389,Fate/stay night: Unlimited Blade Works 2nd Season - Sunny Day,Completed,5,1,1,Finished Airing,Special,PG-13,07-Oct-2015,07-Oct-2015
27821,Fate/stay night: Unlimited Blade Works Prologue,Completed,6,1,1,Finished Airing,Special,PG-13,05-Oct-2014,05-Oct-2014
40982,Fate/strange Fake,Completed,3,1,1,Finished Airing,ONA,PG-13,31-Dec-2019,31-Dec-2019
10087,Fate/Zero,Completed,8,13,13,Finished Airing,TV,R,02-Oct-2011,25-Dec-2011
11741,Fate/Zero 2nd Season,Completed,8,12,12,Finished Airing,TV,R,08-Apr-2012,24-Jun-2012
13263,Fate/Zero: Onegai! Einzbern Soudanshitsu,Completed,2,6,6,Finished Airing,Special,PG-13,07-Mar-2012,19-Sep-2012
121,Fullmetal Alchemist,Completed,9,51,51,Finished Airing,TV,PG-13,04-Oct-2003,02-Oct-2004
5114,Fullmetal Alchemist: Brotherhood,Completed,9,64,64,Finished Airing,TV,R,05-Apr-2009,04-Jul-2010
430,Fullmetal Alchemist: The Conqueror of Shamballa,Completed,5,1,1,Finished Airing,Movie,PG-13,23-Jul-2005,23-Jul-2005
16918,Gin no Saji,Completed,7,11,11,Finished Airing,TV,PG-13,12-Jul-2013,20-Sep-2013
19363,Gin no Saji 2nd Season,Completed,7,11,11,Finished Airing,TV,PG-13,10-Jan-2014,28-Mar-2014
820,Ginga Eiyuu Densetsu,Completed,7,110,110,Finished Airing,OVA,R,08-Jan-1988,17-Mar-1997
39463,Gleipnir,Completed,6,13,13,Finished Airing,TV,R,05-Apr-2020,28-Jun-2020
268,Golden Boy,Completed,4,6,6,Finished Airing,OVA,R+,27-Oct-1995,28-Jun-1996
17895,Golden Time,Completed,5,24,24,Finished Airing,TV,PG-13,04-Oct-2013,28-Mar-2014
37105,Grand Blue,Completed,7,12,12,Finished Airing,TV,PG-13,14-Jul-2018,29-Sep-2018
40052,Great Pretender,Completed,7,23,23,Finished Airing,TV,R,09-Jul-2020,17-Dec-2020
16,Hachimitsu to Clover,Completed,7,24,24,Finished Airing,TV,PG-13,15-Apr-2005,27-Sep-2005
1142,Hachimitsu to Clover II,Completed,8,12,12,Finished Airing,TV,PG-13,30-Jun-2006,15-Sep-2006
644,Hachimitsu to Clover Specials,Completed,4,2,2,Finished Airing,Special,PG-13,23-Dec-2005,24-Feb-2006
31859,Hai to Gensou no Grimgar,Completed,6,12,12,Finished Airing,TV,PG-13,11-Jan-2016,28-Mar-2016
32561,Hai to Gensou no Grimgar: Furoagari no Kabe ni Kaketa Seishun - One More Centimeter,Completed,5,1,1,Finished Airing,Special,PG-13,16-Mar-2016,16-Mar-2016
20583,Haikyuu!!,Completed,7,25,25,Finished Airing,TV,PG-13,06-Apr-2014,21-Sep-2014
31675,Haikyuu!! Quest Picture Drama,Completed,1,3,3,Finished Airing,OVA,PG-13,25-Sep-2014,25-Sep-2014
28891,Haikyuu!! Second Season,Completed,7,25,25,Finished Airing,TV,PG-13,04-Oct-2015,27-Mar-2016
32935,Haikyuu!!: Karasuno Koukou vs. Shiratorizawa Gakuen Koukou,Completed,7,10,10,Finished Airing,TV,PG-13,08-Oct-2016,10-Dec-2016
25303,Haikyuu!!: Lev Genzan!,Completed,4,1,1,Finished Airing,OVA,PG-13,04-Mar-2015,04-Mar-2015
40262,Haikyuu!!: Riku vs. Kuu,Completed,5,2,2,Finished Airing,OVA,PG-13,22-Jan-2020,22-Jan-2020
38883,Haikyuu!!: To the Top,Completed,6,13,13,Finished Airing,TV,PG-13,11-Jan-2020,04-Apr-2020
40776,Haikyuu!!: To the Top 2nd Season,Completed,7,12,12,Finished Airing,TV,PG-13,03-Oct-2020,19-Dec-2020
35806,Haikyuu!!: vs. "Akaten",Completed,4,1,1,Finished Airing,OVA,PG-13,02-May-2016,02-May-2016
27969,Hana to Alice: Satsujin Jiken,Completed,8,1,1,Finished Airing,Movie,PG-13,20-Feb-2015,20-Feb-2015
21855,Hanamonogatari,Completed,6,5,5,Finished Airing,TV,R,16-Aug-2014,16-Aug-2014
1030,Heisei Tanuki Gassen Ponpoko,Completed,3,1,1,Finished Airing,Movie,PG,13-Jun-1994,13-Jun-1994
42897,Horimiya,Completed,7,13,13,Finished Airing,TV,PG-13,10-Jan-2021,04-Apr-2021
9760,Hoshi wo Ou Kodomo,Completed,5,1,1,Finished Airing,Movie,PG-13,07-May-2011,07-May-2011
578,Hotaru no Haka,Completed,9,1,1,Finished Airing,Movie,PG-13,16-Apr-1988,16-Apr-1988
10408,Hotarubi no Mori e,Completed,6,1,1,Finished Airing,Movie,G,17-Sep-2011,17-Sep-2011
431,Howl no Ugoku Shiro,Completed,4,1,1,Finished Airing,Movie,G,20-Nov-2004,20-Nov-2004
11061,Hunter x Hunter (2011),Completed,6,148,148,Finished Airing,TV,PG-13,02-Oct-2011,24-Sep-2014
12189,Hyouka,Completed,6,22,22,Finished Airing,TV,PG-13,23-Apr-2012,17-Sep-2012
13469,Hyouka: Motsubeki Mono wa,Completed,4,1,1,Finished Airing,OVA,PG-13,08-Jul-2012,08-Jul-2012
40046,Id:Invaded,Completed,8,13,13,Finished Airing,TV,R,06-Jan-2020,23-Mar-2020
468,Innocence,Completed,4,1,1,Finished Airing,Movie,R,06-Mar-2004,06-Mar-2004
40010,Ishuzoku Reviewers,Completed,3,12,12,Finished Airing,TV,R+,11-Jan-2020,28-Mar-2020
40530,Jaku-Chara Tomozaki-kun,Completed,7,12,12,Finished Airing,TV,PG-13,08-Jan-2021,26-Mar-2021
14719,JoJo no Kimyou na Bouken (TV),Completed,6,26,26,Finished Airing,TV,R,06-Oct-2012,06-Apr-2013
20899,JoJo no Kimyou na Bouken Part 3: Stardust Crusaders,Completed,3,24,24,Finished Airing,TV,R,05-Apr-2014,13-Sep-2014
26055,JoJo no Kimyou na Bouken Part 3: Stardust Crusaders 2nd Season,Completed,3,24,24,Finished Airing,TV,R,10-Jan-2015,20-Jun-2015
31933,JoJo no Kimyou na Bouken Part 4: Diamond wa Kudakenai,Completed,4,39,39,Finished Airing,TV,R,02-Apr-2016,24-Dec-2016
37991,JoJo no Kimyou na Bouken Part 5: Ougon no Kaze,Completed,8,39,39,Finished Airing,TV,R,06-Oct-2018,28-Jul-2019
38777,Jujutsu Kaisen,Completed,2,3,3,Finished Airing,ONA,G,03-Dec-2018,08-Dec-2018
40748,Jujutsu Kaisen (TV),Completed,7,24,24,Finished Airing,TV,R,03-Oct-2020,27-Mar-2021
35639,Just Because!,Completed,8,12,12,Finished Airing,TV,PG-13,05-Oct-2017,28-Dec-2017
16664,Kaguya-hime no Monogatari,Completed,7,1,1,Finished Airing,Movie,G,23-Nov-2013,23-Nov-2013
37999,Kaguya-sama wa Kokurasetai: Tensai-tachi no Renai Zunousen,Completed,6,12,12,Finished Airing,TV,PG-13,12-Jan-2019,30-Mar-2019
43609,Kaguya-sama wa Kokurasetai: Tensai-tachi no Renai Zunousen OVA,Completed,5,1,1,Finished Airing,OVA,PG-13,19-May-2021,19-May-2021
40591,Kaguya-sama wa Kokurasetai?: Tensai-tachi no Renai Zunousen,Completed,6,12,12,Finished Airing,TV,PG-13,11-Apr-2020,27-Jun-2020
40750,Kaifuku Jutsushi no Yarinaoshi,Completed,1,12,12,Finished Airing,TV,R+,13-Jan-2021,31-Mar-2021
34933,Kakegurui,Completed,5,12,12,Finished Airing,TV,R,01-Jul-2017,23-Sep-2017
37086,Kakegurui××,Completed,6,12,12,Finished Airing,TV,R,09-Jan-2019,27-Mar-2019
40716,Kakushigoto (TV),Completed,7,12,12,Finished Airing,TV,PG-13,02-Apr-2020,18-Jun-2020
40221,Kami no Tou,Completed,7,13,13,Finished Airing,TV,PG-13,02-Apr-2020,25-Jun-2020
39198,Kanata no Astra,Completed,8,12,12,Finished Airing,TV,PG-13,03-Jul-2019,18-Sep-2019
40839,"Kanojo, Okarishimasu",Completed,6,12,12,Finished Airing,TV,PG-13,11-Jul-2020,26-Sep-2020
2593,Kara no Kyoukai 1: Fukan Fuukei,Completed,7,1,1,Finished Airing,Movie,R,01-Dec-2007,01-Dec-2007
3782,Kara no Kyoukai 2: Satsujin Kousatsu (Zen),Completed,7,1,1,Finished Airing,Movie,R,29-Dec-2007,29-Dec-2007
3783,Kara no Kyoukai 3: Tsuukaku Zanryuu,Completed,8,1,1,Finished Airing,Movie,R+,09-Feb-2008,09-Feb-2008
4280,Kara no Kyoukai 4: Garan no Dou,Completed,6,1,1,Finished Airing,Movie,R,24-May-2008,24-May-2008
4282,Kara no Kyoukai 5: Mujun Rasen,Completed,7,1,1,Finished Airing,Movie,R,16-Aug-2008,16-Aug-2008
5204,Kara no Kyoukai 6: Boukyaku Rokuon,Completed,5,1,1,Finished Airing,Movie,R,20-Dec-2008,20-Dec-2008
5205,Kara no Kyoukai 7: Satsujin Kousatsu (Go),Completed,8,1,1,Finished Airing,Movie,R,08-Aug-2009,08-Aug-2009
6954,Kara no Kyoukai 8: Shuushou,Completed,4,1,1,Finished Airing,Special,PG-13,02-Feb-2011,02-Feb-2011
6624,Kara no Kyoukai Remix: Gate of Seventh Heaven,Completed,5,1,1,Finished Airing,Movie,R,14-Mar-2009,14-Mar-2009
23697,Kara no Kyoukai: Manner Movies,Completed,1,7,7,Finished Airing,Movie,G,01-Dec-2007,08-Aug-2009
14807,Kara no Kyoukai: Mirai Fukuin,Completed,7,1,1,Finished Airing,Movie,R,28-Sep-2013,28-Sep-2013
22763,Kara no Kyoukai: Mirai Fukuin - Extra Chorus,Completed,6,1,1,Finished Airing,Special,R,28-Sep-2013,28-Sep-2013
22847,Kara no Kyoukai: Mirai Fukuin - Manner Movie,Completed,1,1,1,Finished Airing,Movie,G,28-Sep-2013,28-Sep-2013
35860,Karakai Jouzu no Takagi-san,Completed,6,12,12,Finished Airing,TV,PG-13,08-Jan-2018,26-Mar-2018
38993,Karakai Jouzu no Takagi-san 2,Completed,6,12,12,Finished Airing,TV,PG-13,07-Jul-2019,22-Sep-2019
37621,Karakai Jouzu no Takagi-san: Water Slide,Completed,5,1,1,Finished Airing,OVA,PG-13,12-Jul-2018,12-Jul-2018
572,Kaze no Tani no Nausicaä,Completed,8,1,1,Finished Airing,Movie,PG-13,11-Mar-1984,11-Mar-1984
16662,Kaze Tachinu,Completed,6,1,1,Finished Airing,Movie,PG-13,20-Jul-2013,20-Jul-2013
38000,Kimetsu no Yaiba,Completed,7,26,26,Finished Airing,TV,R,06-Apr-2019,28-Sep-2019
32281,Kimi no Na wa.,Completed,8,1,1,Finished Airing,Movie,PG-13,26-Aug-2016,26-Aug-2016
36098,Kimi no Suizou wo Tabetai,Completed,8,1,1,Finished Airing,Movie,PG-13,01-Sep-2018,01-Sep-2018
22535,Kiseijuu: Sei no Kakuritsu,Completed,8,24,24,Finished Airing,TV,R,09-Oct-2014,26-Mar-2015
5042,Kiss x Sis,Completed,3,12,12,Finished Airing,OVA,R+,22-Dec-2008,06-Apr-2015
7593,Kiss x Sis (TV),Completed,3,12,12,Finished Airing,TV,PG-13,05-Apr-2010,21-Jun-2010
9260,Kizumonogatari I: Tekketsu-hen,Completed,5,1,1,Finished Airing,Movie,R,08-Jan-2016,08-Jan-2016
31757,Kizumonogatari II: Nekketsu-hen,Completed,6,1,1,Finished Airing,Movie,R,19-Aug-2016,19-Aug-2016
31758,Kizumonogatari III: Reiketsu-hen,Completed,6,1,1,Finished Airing,Movie,R,06-Jan-2017,06-Jan-2017
28851,Koe no Katachi,Completed,9,1,1,Finished Airing,Movie,PG-13,17-Sep-2016,17-Sep-2016
15227,Kono Sekai no Katasumi ni,Completed,8,1,1,Finished Airing,Movie,PG-13,12-Nov-2016,12-Nov-2016
30831,Kono Subarashii Sekai ni Shukufuku wo!,Completed,4,10,10,Finished Airing,TV,PG-13,14-Jan-2016,17-Mar-2016
32937,Kono Subarashii Sekai ni Shukufuku wo! 2,Completed,5,10,10,Finished Airing,TV,PG-13,12-Jan-2017,16-Mar-2017
34626,Kono Subarashii Sekai ni Shukufuku wo! 2: Kono Subarashii Geijutsu ni Shukufuku wo!,Completed,4,1,1,Finished Airing,OVA,PG-13,24-Jul-2017,24-Jul-2017
32380,Kono Subarashii Sekai ni Shukufuku wo!: Kono Subarashii Choker ni Shukufuku wo!,Completed,5,1,1,Finished Airing,OVA,PG-13,24-Jun-2016,24-Jun-2016
38040,Kono Subarashii Sekai ni Shukufuku wo!: Kurenai Densetsu,Completed,5,1,1,Finished Airing,Movie,PG-13,30-Aug-2019,30-Aug-2019
16782,Kotonoha no Niwa,Completed,8,1,1,Finished Airing,Movie,PG-13,31-May-2013,31-May-2013
43,Koukaku Kidoutai,Completed,4,1,1,Finished Airing,Movie,R+,18-Nov-1995,18-Nov-1995
28623,Koutetsujou no Kabaneri,Completed,8,12,12,Finished Airing,TV,R,08-Apr-2016,01-Jul-2016
34544,Koutetsujou no Kabaneri Movie 3: Unato Kessen,Completed,8,1,1,Finished Airing,Movie,R,10-May-2019,10-May-2019
38426,Koutetsujou no Kabaneri: Ran - Hajimaru Michiato,Completed,1,1,1,Finished Airing,Special,PG-13,22-Sep-2018,22-Sep-2018
37139,Koyomi History,Completed,3,1,1,Finished Airing,Special,PG-13,22-Sep-2016,22-Sep-2016
32268,Koyomimonogatari,Completed,6,12,12,Finished Airing,ONA,R,10-Jan-2016,27-Mar-2016
433,"Kumo no Mukou, Yakusoku no Basho",Completed,6,1,1,Finished Airing,Movie,PG-13,20-Nov-2004,20-Nov-2004
32949,Kuzu no Honkai,Completed,7,12,12,Finished Airing,TV,R+,13-Jan-2017,31-Mar-2017
39017,Kyokou Suiri,Completed,6,12,12,Finished Airing,TV,R,12-Jan-2020,29-Mar-2020
38959,Lord El-Melloi II Sei no Jikenbo: Rail Zeppelin Grace Note,Completed,6,13,13,Finished Airing,TV,R,07-Jul-2019,29-Sep-2019
38936,Lord El-Melloi II Sei no Jikenbo: Rail Zeppelin Grace Note - Hakamori to Neko to Majutsushi,Completed,6,1,1,Finished Airing,Special,PG-13,31-Dec-2018,31-Dec-2018
37599,Magatsu Wahrheit: Zuerst,Completed,7,12,12,Finished Airing,TV,<undefined>,13-Oct-2020,29-Dec-2020
512,Majo no Takkyuubin,Completed,4,1,1,Finished Airing,Movie,G,29-Jul-1989,29-Jul-1989
38958,Manga de Wakaru! Fate/Grand Order,Completed,1,1,1,Finished Airing,Special,PG-13,31-Dec-2018,31-Dec-2018
585,Mimi wo Sumaseba,Completed,7,1,1,Finished Airing,Movie,G,15-Jul-1995,15-Jul-1995
8460,Mirai Nikki,Completed,3,1,1,Finished Airing,OVA,R,09-Dec-2010,09-Dec-2010
10620,Mirai Nikki (TV),Completed,6,26,26,Finished Airing,TV,R+,09-Oct-2011,15-Apr-2012
12503,Mirai Nikki (TV): Ura Mirai Nikki,Completed,2,10,10,Finished Airing,Special,R,27-Jan-2012,31-Aug-2012
16762,Mirai Nikki: Redial,Completed,5,1,1,Finished Airing,OVA,R,19-Jun-2013,19-Jun-2013
32182,Mob Psycho 100,Completed,6,12,12,Finished Airing,TV,PG-13,11-Jul-2016,27-Sep-2016
37510,Mob Psycho 100 II,Completed,6,13,13,Finished Airing,TV,PG-13,07-Jan-2019,01-Apr-2019
39651,Mob Psycho 100: Dai Ikkai Rei toka Soudansho Ian Ryokou - Kokoro Mitasu Iyashi no Tabi,Completed,4,1,1,Finished Airing,OVA,PG-13,25-Sep-2019,25-Sep-2019
37504,Mob Psycho Mini,Completed,3,6,6,Finished Airing,Special,PG-13,28-Sep-2016,22-Feb-2017
17074,Monogatari Series: Second Season,Completed,6,26,26,Finished Airing,TV,R,07-Jul-2013,29-Dec-2013
164,Mononoke Hime,Completed,6,1,1,Finished Airing,Movie,PG-13,12-Jul-1997,12-Jul-1997
19,Monster,Completed,10,74,74,Finished Airing,TV,R+,07-Apr-2004,28-Sep-2005
323,Mousou Dairinin,Completed,5,13,13,Finished Airing,TV,R+,03-Feb-2004,18-May-2004
39535,Mushoku Tensei: Isekai Ittara Honki Dasu,Completed,7,11,11,Finished Airing,TV,R,11-Jan-2021,22-Mar-2021
41168,Nakitai Watashi wa Neko wo Kaburu,Completed,5,1,1,Finished Airing,Movie,PG-13,18-Jun-2020,18-Jun-2020
23755,Nanatsu no Taizai,Completed,7,24,24,Finished Airing,TV,PG-13,05-Oct-2014,29-Mar-2015
34577,Nanatsu no Taizai: Imashime no Fukkatsu,Completed,7,24,24,Finished Airing,TV,PG-13,13-Jan-2018,30-Jun-2018
39701,Nanatsu no Taizai: Kamigami no Gekirin,Completed,5,24,24,Finished Airing,TV,PG-13,09-Oct-2019,25-Mar-2020
31722,Nanatsu no Taizai: Seisen no Shirushi,Completed,5,4,4,Finished Airing,TV,PG-13,28-Aug-2016,18-Sep-2016
20,Naruto,Completed,8,220,220,Finished Airing,TV,PG-13,03-Oct-2002,08-Feb-2007
1735,Naruto: Shippuuden,Completed,8,500,500,Finished Airing,TV,PG-13,15-Feb-2007,23-Mar-2017
13667,Naruto: Shippuuden Movie 6 - Road to Ninja,Completed,4,1,1,Finished Airing,Movie,PG-13,28-Jul-2012,28-Jul-2012
4081,Natsume Yuujinchou,Completed,8,13,13,Finished Airing,TV,PG-13,08-Jul-2008,30-Sep-2008
32983,Natsume Yuujinchou Go,Completed,7,11,11,Finished Airing,TV,PG-13,05-Oct-2016,21-Dec-2016
34534,Natsume Yuujinchou Go Specials,Completed,5,2,2,Finished Airing,Special,PG-13,30-Mar-2017,26-Apr-2017
36538,Natsume Yuujinchou Movie: Utsusemi ni Musubu,Completed,6,1,1,Finished Airing,Movie,PG-13,29-Sep-2018,29-Sep-2018
34591,Natsume Yuujinchou Roku,Completed,7,11,11,Finished Airing,TV,PG-13,12-Apr-2017,21-Jun-2017
36275,Natsume Yuujinchou Roku Specials,Completed,7,2,2,Finished Airing,Special,PG-13,27-Sep-2017,25-Oct-2017
10379,Natsume Yuujinchou San,Completed,7,13,13,Finished Airing,TV,PG-13,05-Jul-2011,27-Sep-2011
11665,Natsume Yuujinchou Shi,Completed,7,13,13,Finished Airing,TV,PG-13,03-Jan-2012,27-Mar-2012
20651,Natsume Yuujinchou: Itsuka Yuki no Hi ni,Completed,6,1,1,Finished Airing,OVA,PG-13,01-Feb-2014,01-Feb-2014
18849,Natsume Yuujinchou: Nyanko-sensei to Hajimete no Otsukai,Completed,6,1,1,Finished Airing,Special,PG-13,15-Dec-2013,15-Dec-2013
15689,Nekomonogatari: Kuro,Completed,5,4,4,Finished Airing,TV,R,31-Dec-2012,31-Dec-2012
30,Neon Genesis Evangelion,Completed,7,26,26,Finished Airing,TV,PG-13,04-Oct-1995,27-Mar-1996
31,Neon Genesis Evangelion: Death & Rebirth,Completed,3,1,1,Finished Airing,Movie,R,15-Mar-1997,15-Mar-1997
32,Neon Genesis Evangelion: The End of Evangelion,Completed,5,1,1,Finished Airing,Movie,R+,19-Jul-1997,19-Jul-1997
1210,NHK ni Youkoso!,Completed,7,24,24,Finished Airing,TV,R+,10-Jul-2006,18-Dec-2006
11597,Nisemonogatari,Completed,5,11,11,Finished Airing,TV,R,08-Jan-2012,18-Mar-2012
19815,No Game No Life,Completed,7,12,12,Finished Airing,TV,PG-13,09-Apr-2014,25-Jun-2014
24991,No Game No Life Specials,Completed,4,6,6,Finished Airing,Special,PG-13,25-Jun-2014,26-Nov-2014
33674,No Game No Life: Zero,Completed,8,1,1,Finished Airing,Movie,PG-13,15-Jul-2017,15-Jul-2017
37402,No Game No Life: Zero - Manner Movie,Completed,1,1,1,Finished Airing,Movie,G,15-Jul-2017,15-Jul-2017
20507,Noragami,Completed,3,12,12,Finished Airing,TV,PG-13,05-Jan-2014,23-Mar-2014
21557,Omoide no Marnie,Completed,7,1,1,Finished Airing,Movie,G,19-Jul-2014,19-Jul-2014
1029,Omoide Poroporo,Completed,6,1,1,Finished Airing,Movie,G,20-Jul-1991,20-Jul-1991
4155,One Piece Film: Strong World,Completed,3,1,1,Finished Airing,Movie,PG-13,12-Dec-2009,12-Dec-2009
12859,One Piece Film: Z,Completed,3,1,1,Finished Airing,Movie,PG-13,15-Dec-2012,15-Dec-2012
38234,One Piece Movie 14: Stampede,Completed,3,1,1,Finished Airing,Movie,PG-13,09-Aug-2019,09-Aug-2019
30276,One Punch Man,Completed,4,12,12,Finished Airing,TV,R,05-Oct-2015,21-Dec-2015
34134,One Punch Man 2nd Season,Completed,6,12,12,Finished Airing,TV,R,10-Apr-2019,03-Jul-2019
39705,One Punch Man 2nd Season Specials,Completed,4,6,6,Finished Airing,Special,R,25-Oct-2019,27-Mar-2020
31772,One Punch Man Specials,Completed,4,6,6,Finished Airing,Special,R,24-Dec-2015,27-May-2016
31704,One Punch Man: Road to Hero,Completed,3,1,1,Finished Airing,OVA,R,04-Dec-2015,04-Dec-2015
12355,Ookami Kodomo no Ame to Yuki,Completed,8,1,1,Finished Airing,Movie,PG,21-Jul-2012,21-Jul-2012
40746,Overflow,Completed,1,8,8,Finished Airing,TV,R+,06-Jan-2020,24-Feb-2020
31181,Owarimonogatari,Completed,7,12,12,Finished Airing,TV,R,04-Oct-2015,20-Dec-2015
35247,Owarimonogatari 2nd Season,Completed,7,7,7,Finished Airing,TV,R,12-Aug-2017,13-Aug-2017
1943,Paprika,Completed,6,1,1,Finished Airing,Movie,R+,25-Nov-2006,25-Nov-2006
437,Perfect Blue,Completed,10,1,1,Finished Airing,Movie,R+,28-Feb-1998,28-Feb-1998
5391,Pico to Chico,Completed,1,1,1,Finished Airing,OVA,Rx,19-Apr-2007,19-Apr-2007
4866,Pico x CoCo x Chico,Completed,1,1,1,Finished Airing,OVA,Rx,09-Oct-2008,09-Oct-2008
527,Pokemon,Completed,4,276,276,Finished Airing,TV,PG,01-Apr-1997,14-Nov-2002
1564,Pokemon Advanced Generation,Completed,4,192,192,Finished Airing,TV,PG,21-Nov-2002,14-Sep-2006
1565,Pokemon Diamond & Pearl,Completed,4,191,191,Finished Airing,TV,PG,28-Sep-2006,09-Sep-2010
1117,Pokemon Movie 02: Maboroshi no Pokemon Lugia Bakutan,Completed,5,1,1,Finished Airing,Movie,PG,17-Jul-1999,17-Jul-1999
2201,Pokemon Movie 09: Pokemon Ranger to Umi no Ouji Manaphy,Completed,5,1,1,Finished Airing,Movie,PG,15-Jul-2006,15-Jul-2006
2847,Pokemon Movie 10: Dialga vs. Palkia vs. Darkrai,Completed,5,1,1,Finished Airing,Movie,PG,15-Jul-2007,15-Jul-2007
6178,Pokemon Movie 12: Arceus Choukoku no Jikuu e,Completed,5,1,1,Finished Airing,Movie,PG,18-Jul-2009,18-Jul-2009
34540,Pokemon Movie 20: Kimi ni Kimeta!,Completed,5,1,1,Finished Airing,Movie,PG,15-Jul-2017,15-Jul-2017
13601,Psycho-Pass,Completed,8,22,22,Finished Airing,TV,R,12-Oct-2012,22-Mar-2013
23281,Psycho-Pass 2,Completed,8,11,11,Finished Airing,TV,R,10-Oct-2014,19-Dec-2014
39491,Psycho-Pass 3,Completed,5,8,8,Finished Airing,TV,R,25-Oct-2019,13-Dec-2019
40858,Psycho-Pass 3: First Inspector,Completed,4,3,3,Finished Airing,Movie,R,27-Mar-2020,27-Mar-2020
21339,Psycho-Pass Movie,Completed,5,1,1,Finished Airing,Movie,R,09-Jan-2015,09-Jan-2015
37440,Psycho-Pass: Sinners of the System Case.1 - Tsumi to Batsu,Completed,7,1,1,Finished Airing,Movie,R,25-Jan-2019,25-Jan-2019
37441,Psycho-Pass: Sinners of the System Case.2 - First Guardian,Completed,7,1,1,Finished Airing,Movie,R,15-Feb-2019,15-Feb-2019
37442,Psycho-Pass: Sinners of the System Case.3 - Onshuu no Kanata ni＿＿,Completed,7,1,1,Finished Airing,Movie,R,08-Mar-2019,08-Mar-2019
6114,Rainbow: Nisha Rokubou no Shichinin,Completed,9,26,26,Finished Airing,TV,R,07-Apr-2010,29-Sep-2010
4921,Ramayana: The Legend of Prince Rama,Completed,5,1,1,Finished Airing,Movie,G,10-Mar-1992,10-Mar-1992
31240,Re:Zero kara Hajimeru Isekai Seikatsu,Completed,8,25,25,Finished Airing,TV,R,04-Apr-2016,19-Sep-2016
38414,Re:Zero kara Hajimeru Isekai Seikatsu - Hyouketsu no Kizuna,Completed,6,1,1,Finished Airing,Movie,PG-13,08-Nov-2019,08-Nov-2019
36286,Re:Zero kara Hajimeru Isekai Seikatsu - Memory Snow,Completed,2,1,1,Finished Airing,Movie,PG-13,06-Oct-2018,06-Oct-2018
39587,Re:Zero kara Hajimeru Isekai Seikatsu 2nd Season,Completed,8,13,13,Finished Airing,TV,R,08-Jul-2020,30-Sep-2020
42203,Re:Zero kara Hajimeru Isekai Seikatsu 2nd Season Part 2,Completed,8,12,12,Finished Airing,TV,R,06-Jan-2021,24-Mar-2021
1827,Seirei no Moribito,Completed,6,26,26,Finished Airing,TV,PG-13,07-Apr-2007,29-Sep-2007
37450,Seishun Buta Yarou wa Bunny Girl Senpai no Yume wo Minai,Completed,8,13,13,Finished Airing,TV,PG-13,04-Oct-2018,27-Dec-2018
38938,Seishun Buta Yarou wa Bunny Girl Senpai no Yume wo Minai Picture Drama,Completed,4,5,5,Finished Airing,Special,PG-13,19-Dec-2018,15-May-2019
38329,Seishun Buta Yarou wa Yumemiru Shoujo no Yume wo Minai,Completed,8,1,1,Finished Airing,Movie,PG-13,15-Jun-2019,15-Jun-2019
199,Sen to Chihiro no Kamikakushi,Completed,5,1,1,Finished Airing,Movie,PG,20-Jul-2001,20-Jul-2001
1033,Sennen Joyuu,Completed,8,1,1,Finished Airing,Movie,PG-13,14-Sep-2002,14-Sep-2002
339,Serial Experiments Lain,Completed,4,13,13,Finished Airing,TV,R,06-Jul-1998,28-Sep-1998
23273,Shigatsu wa Kimi no Uso,Completed,7,22,22,Finished Airing,TV,PG-13,10-Oct-2014,20-Mar-2015
16498,Shingeki no Kyojin,Completed,9,25,25,Finished Airing,TV,R,07-Apr-2013,29-Sep-2013
18397,Shingeki no Kyojin OVA,Completed,5,3,3,Finished Airing,OVA,R,09-Dec-2013,08-Aug-2014
25777,Shingeki no Kyojin Season 2,Completed,9,12,12,Finished Airing,TV,R,01-Apr-2017,17-Jun-2017
35760,Shingeki no Kyojin Season 3,Completed,7,12,12,Finished Airing,TV,R,23-Jul-2018,15-Oct-2018
38524,Shingeki no Kyojin Season 3 Part 2,Completed,9,10,10,Finished Airing,TV,R,29-Apr-2019,01-Jul-2019
42091,Shingeki no Kyojin: Chronicle,Completed,7,1,1,Finished Airing,Movie,R,17-Jul-2020,17-Jul-2020
25781,Shingeki no Kyojin: Kuinaki Sentaku,Completed,8,2,2,Finished Airing,OVA,R,09-Dec-2014,09-Apr-2015
36106,Shingeki no Kyojin: Lost Girls,Completed,6,3,3,Finished Airing,OVA,R,08-Dec-2017,09-Aug-2018
40028,Shingeki no Kyojin: The Final Season,Completed,10,16,16,Finished Airing,TV,R,07-Dec-2020,29-Mar-2021
28171,Shokugeki no Souma,Completed,6,24,24,Finished Airing,TV,PG-13,04-Apr-2015,26-Sep-2015
31327,Shokugeki no Souma OVA,Completed,3,2,2,Finished Airing,OVA,PG-13,02-May-2016,04-Jul-2016
40902,Shokugeki no Souma: Gou no Sara,Completed,5,13,13,Finished Airing,TV,PG-13,11-Apr-2020,26-Sep-2020
32282,Shokugeki no Souma: Ni no Sara,Completed,7,13,13,Finished Airing,TV,PG-13,02-Jul-2016,24-Sep-2016
34480,Shokugeki no Souma: Ni no Sara OVA,Completed,4,2,2,Finished Airing,OVA,PG-13,01-May-2017,04-Jul-2017
35788,Shokugeki no Souma: San no Sara,Completed,7,12,12,Finished Airing,TV,PG-13,04-Oct-2017,20-Dec-2017
36962,Shokugeki no Souma: San no Sara - Kyokuseiryou no Erina,Completed,3,1,1,Finished Airing,OVA,PG-13,02-May-2018,02-May-2018
36949,Shokugeki no Souma: San no Sara - Tootsuki Ressha-hen,Completed,6,12,12,Finished Airing,TV,PG-13,09-Apr-2018,25-Jun-2018
39940,Shokugeki no Souma: Shin no Sara,Completed,6,12,12,Finished Airing,TV,PG-13,12-Oct-2019,28-Dec-2019
42923,SK∞,Completed,5,12,12,Finished Airing,TV,PG-13,10-Jan-2021,04-Apr-2021
35839,Sora yori mo Tooi Basho,Completed,7,13,13,Finished Airing,TV,PG-13,02-Jan-2018,27-Mar-2018
9253,Steins;Gate,Completed,9,24,24,Finished Airing,TV,PG-13,06-Apr-2011,14-Sep-2011
30484,Steins;Gate 0,Completed,9,23,23,Finished Airing,TV,PG-13,12-Apr-2018,27-Sep-2018
37492,Steins;Gate 0: Kesshou Takei no Valentine - Bittersweet Intermedio,Completed,3,1,1,Finished Airing,Special,PG-13,21-Dec-2018,21-Dec-2018
11577,Steins;Gate Movie: Fuka Ryouiki no Déjà vu,Completed,6,1,1,Finished Airing,Movie,PG-13,20-Apr-2013,20-Apr-2013
32188,Steins;Gate: Kyoukaimenjou no Missing Link - Divide By Zero,Completed,6,1,1,Finished Airing,Special,PG-13,03-Dec-2015,03-Dec-2015
10863,Steins;Gate: Oukoubakko no Poriomania,Completed,3,1,1,Finished Airing,Special,PG-13,22-Feb-2012,22-Feb-2012
5681,Summer Wars,Completed,5,1,1,Finished Airing,Movie,PG-13,01-Aug-2009,01-Aug-2009
11757,Sword Art Online,Completed,4,25,25,Finished Airing,TV,PG-13,08-Jul-2012,23-Dec-2012
21881,Sword Art Online II,Completed,3,24,24,Finished Airing,TV,PG-13,05-Jul-2014,20-Dec-2014
27891,Sword Art Online II: Debriefing,Completed,1,1,1,Finished Airing,Special,PG-13,11-Oct-2014,11-Oct-2014
35790,Tate no Yuusha no Nariagari,Completed,7,25,25,Finished Airing,TV,PG-13,09-Jan-2019,26-Jun-2019
513,Tenkuu no Shiro Laputa,Completed,4,1,1,Finished Airing,Movie,PG,02-Aug-1986,02-Aug-1986
37430,Tensei shitara Slime Datta Ken,Completed,6,24,24,Finished Airing,TV,PG-13,02-Oct-2018,19-Mar-2019
39551,Tensei shitara Slime Datta Ken 2nd Season,Completed,6,12,12,Finished Airing,TV,PG-13,12-Jan-2021,30-Mar-2021
38793,Tensei shitara Slime Datta Ken OVA,Completed,4,5,5,Finished Airing,OVA,PG-13,09-Jul-2019,27-Nov-2020
45753,Tensei shitara Slime Datta Ken: Kanwa - Hinata Sakaguchi,Completed,3,1,1,Finished Airing,Special,PG-13,05-Jan-2021,05-Jan-2021
39607,Tensei shitara Slime Datta Ken: Kanwa - Veldora Nikki,Completed,2,1,1,Finished Airing,Special,PG-13,26-Mar-2019,26-Mar-2019
16870,The Last: Naruto the Movie,Completed,5,1,1,Finished Airing,Movie,PG-13,06-Dec-2014,06-Dec-2014
2236,Toki wo Kakeru Shoujo,Completed,6,1,1,Finished Airing,Movie,G,15-Jul-2006,15-Jul-2006
22319,Tokyo Ghoul,Completed,9,12,12,Finished Airing,TV,R,04-Jul-2014,19-Sep-2014
27899,Tokyo Ghoul √A,Completed,6,12,12,Finished Airing,TV,R,09-Jan-2015,27-Mar-2015
30458,Tokyo Ghoul: "Jack",Completed,7,1,1,Finished Airing,OVA,R,30-Sep-2015,30-Sep-2015
31297,Tokyo Ghoul: "Pinto",Completed,6,1,1,Finished Airing,OVA,R,25-Dec-2015,25-Dec-2015
36511,Tokyo Ghoul:re,Completed,5,12,12,Finished Airing,TV,R,03-Apr-2018,19-Jun-2018
37799,Tokyo Ghoul:re 2nd Season,Completed,4,12,12,Finished Airing,TV,R,09-Oct-2018,25-Dec-2018
759,Tokyo Godfathers,Completed,8,1,1,Finished Airing,Movie,PG-13,08-Nov-2003,08-Nov-2003
523,Tonari no Totoro,Completed,5,1,1,Finished Airing,Movie,G,16-Apr-1988,16-Apr-1988
41389,Tonikaku Kawaii,Completed,4,12,12,Finished Airing,TV,PG-13,03-Oct-2020,19-Dec-2020
34822,Tsuki ga Kirei,Completed,8,12,12,Finished Airing,TV,PG-13,07-Apr-2017,30-Jun-2017
36539,Tsuki ga Kirei Special,Completed,4,1,1,Finished Airing,Special,PG-13,27-Sep-2017,27-Sep-2017
35602,Tsuki ga Kirei: Michinori,Completed,5,1,1,Finished Airing,Special,PG-13,19-May-2017,19-May-2017
28025,Tsukimonogatari,Completed,5,4,4,Finished Airing,TV,R,31-Dec-2014,31-Dec-2014
743,Umi ga Kikoeru,Completed,8,1,1,Finished Airing,Special,PG-13,05-May-1993,05-May-1993
10162,Usagi Drop,Completed,8,11,11,Finished Airing,TV,PG-13,08-Jul-2011,16-Sep-2011
11113,Usagi Drop Specials,Completed,6,4,4,Finished Airing,Special,PG-13,28-Oct-2011,27-Jan-2012
37521,Vinland Saga,Completed,9,24,24,Finished Airing,TV,R,08-Jul-2019,30-Dec-2019
33352,Violet Evergarden,Completed,9,13,13,Finished Airing,TV,PG-13,11-Jan-2018,05-Apr-2018
39741,Violet Evergarden Gaiden: Eien to Jidou Shuki Ningyou,Completed,7,1,1,Finished Airing,Movie,PG-13,06-Sep-2019,06-Sep-2019
37095,Violet Evergarden: Kitto "Ai" wo Shiru Hi ga Kuru no Darou,Completed,5,1,1,Finished Airing,Special,PG-13,04-Jul-2018,04-Jul-2018
43299,Wonder Egg Priority,Completed,6,12,12,Finished Airing,TV,R,13-Jan-2021,31-Mar-2021
14813,Yahari Ore no Seishun Love Comedy wa Machigatteiru.,Completed,7,13,13,Finished Airing,TV,PG-13,05-Apr-2013,28-Jun-2013
39547,Yahari Ore no Seishun Love Comedy wa Machigatteiru. Kan,Completed,6,12,12,Finished Airing,TV,PG-13,10-Jul-2020,25-Sep-2020
18753,Yahari Ore no Seishun Love Comedy wa Machigatteiru. OVA,Completed,5,1,1,Finished Airing,OVA,PG-13,19-Sep-2013,19-Sep-2013
23847,Yahari Ore no Seishun Love Comedy wa Machigatteiru. Zoku,Completed,8,13,13,Finished Airing,TV,PG-13,03-Apr-2015,26-Jun-2015
33161,Yahari Ore no Seishun Love Comedy wa Machigatteiru. Zoku OVA,Completed,6,1,1,Finished Airing,OVA,PG-13,27-Oct-2016,27-Oct-2016
37779,Yakusoku no Neverland,Completed,9,12,12,Finished Airing,TV,R,10-Jan-2019,29-Mar-2019
39617,Yakusoku no Neverland 2nd Season,Completed,5,11,11,Finished Airing,TV,R,08-Jan-2021,26-Mar-2021
39710,Yesterday wo Utatte,Completed,9,12,12,Finished Airing,TV,PG-13,05-Apr-2020,21-Jun-2020
41660,Yesterday wo Utatte: Haishin-ban Episode,Completed,5,6,6,Finished Airing,ONA,PG-13,05-Apr-2020,21-Jun-2020
40911,Yuukoku no Moriarty,Completed,7,11,11,Finished Airing,TV,R,11-Oct-2020,20-Dec-2020
5300,Zoku Natsume Yuujinchou,Completed,6,13,13,Finished Airing,TV,PG-13,06-Jan-2009,31-Mar-2009
36999,Zoku Owarimonogatari,Completed,6,6,6,Finished Airing,Movie,R,10-Nov-2018,10-Nov-2018
34566,Boruto: Naruto Next Generations,Paused,4,155,0,Currently Airing,TV,PG-13,05-Apr-2017,NaT
41074,Digimon Adventure:,Paused,<undefined>,9,66,Currently Airing,TV,PG,05-Apr-2020,NaT
223,Dragon Ball,Paused,<undefined>,37,153,Finished Airing,TV,PG-13,26-Feb-1986,12-Apr-1989
36064,Fate/Grand Order,Paused,<undefined>,8,0,Currently Airing,Special,PG,27-Dec-2014,NaT
5231,Inazuma Eleven,Paused,6,52,127,Finished Airing,TV,G,05-Oct-2008,27-Apr-2011
5962,Metal Fight Beyblade,Paused,<undefined>,39,51,Finished Airing,TV,PG,05-Apr-2009,28-Mar-2010
21,One Piece,Paused,7,946,0,Currently Airing,TV,PG-13,20-Oct-1999,NaT
31646,3-gatsu no Lion,Planned,<undefined>,0,22,Finished Airing,TV,PG-13,08-Oct-2016,18-Mar-2017
48548,5-toubun no Hanayome Movie,Planned,<undefined>,0,1,Not Yet Aired,Movie,PG-13,NaT,NaT
41457,86,Planned,<undefined>,0,11,Currently Airing,TV,R,11-Apr-2021,NaT
16201,Aku no Hana,Planned,<undefined>,0,13,Finished Airing,TV,R,05-Apr-2013,30-Jun-2013
2251,Baccano!,Planned,<undefined>,0,13,Finished Airing,TV,R,27-Jul-2007,02-Nov-2007
36649,Banana Fish,Planned,<undefined>,0,24,Finished Airing,TV,R,06-Jul-2018,21-Dec-2018
41467,Bleach: Sennen Kessen-hen,Planned,<undefined>,0,0,Not Yet Aired,<undefined>,PG-13,NaT,NaT
41587,Boku no Hero Academia 5th Season,Planned,<undefined>,0,25,Currently Airing,TV,PG-13,27-Mar-2021,NaT
38088,Digimon Adventure: Last Evolution Kizuna,Planned,<undefined>,0,1,Finished Airing,Movie,PG-13,21-Feb-2020,21-Feb-2020
48549,Dr. Stone (Zoku-hen),Planned,<undefined>,0,0,Not Yet Aired,<undefined>,PG-13,NaT,NaT
2759,Evangelion: 1.0 You Are (Not) Alone,Planned,<undefined>,0,1,Finished Airing,Movie,PG-13,01-Sep-2007,01-Sep-2007
38085,Fate/Grand Order: Shinsei Entaku Ryouiki Camelot 1 - Wandering; Agateram,Planned,<undefined>,0,1,Finished Airing,Movie,<undefined>,05-Dec-2020,05-Dec-2020
38086,Fate/Grand Order: Shinsei Entaku Ryouiki Camelot 2 - Paladin; Agateram,Planned,<undefined>,0,1,Finished Airing,Movie,<undefined>,15-May-2021,15-May-2021
41497,Fate/Grand Order: Shuukyoku Tokuiten - Kani Jikan Shinden Solomon,Planned,<undefined>,0,1,Not Yet Aired,Movie,PG-13,30-Jul-2021,30-Jul-2021
42030,Fate/kaleid liner Prisma☆Illya Movie: Licht - Namae no Nai Shoujo,Planned,<undefined>,0,1,Not Yet Aired,Movie,<undefined>,NaT,NaT
41025,Fumetsu no Anata e,Planned,<undefined>,0,20,Currently Airing,TV,R,12-Apr-2021,NaT
36028,Golden Kamuy,Planned,<undefined>,0,12,Finished Airing,TV,R,09-Apr-2018,25-Jun-2018
245,Great Teacher Onizuka,Planned,<undefined>,0,43,Finished Airing,TV,R,30-Jun-1999,17-Sep-2000
40938,Hige wo Soru. Soshite Joshikousei wo Hirou.,Planned,<undefined>,0,13,Currently Airing,TV,R+,05-Apr-2021,NaT
258,Hitsuji no Uta,Planned,<undefined>,0,4,Finished Airing,OVA,R,25-May-2003,25-Feb-2004
45604,Jaku-Chara Tomozaki-kun Specials,Planned,<undefined>,0,2,Finished Airing,Special,<undefined>,07-May-2021,02-Jun-2021
39534,Jibaku Shounen Hanako-kun,Planned,<undefined>,0,12,Finished Airing,TV,PG-13,10-Jan-2020,27-Mar-2020
48661,JoJo no Kimyou na Bouken Part 6: Stone Ocean,Planned,<undefined>,0,0,Not Yet Aired,<undefined>,R,NaT,NaT
40787,Josee to Tora to Sakana-tachi,Planned,<undefined>,0,1,Finished Airing,Movie,<undefined>,25-Dec-2020,25-Dec-2020
48561,Jujutsu Kaisen 0 Movie,Planned,<undefined>,0,1,Not Yet Aired,Movie,<undefined>,NaT,NaT
43608,Kaguya-sama wa Kokurasetai: Tensai-tachi no Renai Zunousen 3rd Season,Planned,<undefined>,0,0,Not Yet Aired,TV,PG-13,NaT,NaT
44586,Kakushigoto Movie,Planned,<undefined>,0,1,Not Yet Aired,Movie,PG-13,09-Jul-2021,09-Jul-2021
42963,"Kanojo, Okarishimasu 2nd Season",Planned,<undefined>,0,0,Not Yet Aired,TV,PG-13,NaT,NaT
40456,Kimetsu no Yaiba Movie: Mugen Ressha-hen,Planned,<undefined>,0,1,Finished Airing,Movie,R,16-Oct-2020,16-Oct-2020
47778,Kimetsu no Yaiba: Yuukaku-hen,Planned,<undefined>,0,0,Not Yet Aired,TV,R,NaT,NaT
44204,Kyokou Suiri 2nd Season,Planned,<undefined>,0,0,Not Yet Aired,TV,R,NaT,NaT
34599,Made in Abyss,Planned,<undefined>,0,13,Finished Airing,TV,R,07-Jul-2017,29-Sep-2017
9756,Mahou Shoujo Madoka★Magica,Planned,<undefined>,0,12,Finished Airing,TV,PG-13,07-Jan-2011,22-Apr-2011
457,Mushishi,Planned,<undefined>,0,26,Finished Airing,TV,PG-13,23-Oct-2005,19-Jun-2006
45576,Mushoku Tensei: Isekai Ittara Honki Dasu 2nd Season,Planned,<undefined>,0,12,Not Yet Aired,TV,R,NaT,NaT
877,Nana,Planned,<undefined>,0,47,Finished Airing,TV,R+,05-Apr-2006,28-Mar-2007
38397,Nande Koko ni Sensei ga!?,Planned,<undefined>,0,12,Finished Airing,TV,PG-13,08-Apr-2019,24-Jun-2019
42894,Natsume Yuujinchou: Ishi Okoshi to Ayashiki Raihousha,Planned,<undefined>,0,1,Finished Airing,Movie,PG-13,16-Jan-2021,16-Jan-2021
46102,Odd Taxi,Planned,<undefined>,0,13,Currently Airing,TV,PG-13,06-Apr-2021,NaT
35848,Promare,Planned,<undefined>,0,1,Finished Airing,Movie,PG-13,24-May-2019,24-May-2019
30015,ReLIFE,Planned,<undefined>,0,13,Finished Airing,TV,PG-13,02-Jul-2016,24-Sep-2016
12531,Sakamichi no Apollon,Planned,<undefined>,0,12,Finished Airing,TV,PG-13,13-Apr-2012,29-Jun-2012
2476,School Days,Planned,<undefined>,0,12,Finished Airing,TV,R+,04-Jul-2007,27-Sep-2007
48583,Shingeki no Kyojin: The Final Season Part 2,Planned,<undefined>,0,0,Not Yet Aired,TV,R,NaT,NaT
169,Shingetsutan Tsukihime,Planned,<undefined>,0,12,Finished Airing,TV,R,10-Oct-2003,26-Dec-2003
13125,Shinsekai yori,Planned,<undefined>,0,25,Finished Airing,TV,R,29-Sep-2012,23-Mar-2013
25835,Shirobako,Planned,<undefined>,0,24,Finished Airing,TV,PG-13,09-Oct-2014,26-Mar-2015
40356,Tate no Yuusha no Nariagari Season 2,Planned,<undefined>,0,0,Not Yet Aired,TV,PG-13,NaT,NaT
41487,Tensei shitara Slime Datta Ken 2nd Season Part 2,Planned,<undefined>,0,0,Not Yet Aired,TV,PG-13,06-Jul-2021,NaT
885,Tenshi no Tamago,Planned,<undefined>,0,1,Finished Airing,OVA,PG-13,22-Dec-1985,22-Dec-1985
41488,Tensura Nikki: Tensei shitara Slime Datta Ken,Planned,<undefined>,0,12,Currently Airing,TV,PG-13,06-Apr-2021,NaT
42249,Tokyo Revengers,Planned,<undefined>,0,0,Currently Airing,TV,R,11-Apr-2021,NaT
44931,Tonikaku Kawaii OVA,Planned,<undefined>,0,1,Not Yet Aired,OVA,PG-13,18-Aug-2021,18-Aug-2021
37987,Violet Evergarden Movie,Planned,<undefined>,0,1,Finished Airing,Movie,PG-13,18-Sep-2020,18-Sep-2020
46095,Vivy: Fluorite Eye's Song,Planned,<undefined>,0,13,Currently Airing,TV,R,03-Apr-2021,19-Jun-2021
48614,Wonder Egg Priority Special,Planned,<undefined>,0,1,Not Yet Aired,Special,R,30-Jun-2021,30-Jun-2021
6956,Working!!,Planned,<undefined>,0,13,Finished Airing,TV,PG-13,04-Apr-2010,27-Jun-2010
35968,Wotaku ni Koi wa Muzukashii,Planned,<undefined>,0,11,Finished Airing,TV,PG-13,13-Apr-2018,22-Jun-2018
46431,Yahari Ore no Seishun Love Comedy wa Machigatteiru. Kan OVA,Planned,<undefined>,0,1,Not Yet Aired,OVA,PG-13,NaT,NaT
34798,Yuru Camp△,Planned,<undefined>,0,12,Finished Airing,TV,PG-13,04-Jan-2018,22-Mar-2018
43325,Yuukoku no Moriarty 2nd Season,Planned,<undefined>,0,13,Currently Airing,TV,R,04-Apr-2021,NaT
